{
    "dynamicsBlock": {
        "VolumeType": 1,
        "FixedDensity": true,
        "FixedInterval": false,
        "InheritScale": false,
        "FollowEmitter": false,
        "FollowEmitterChild": false,
        "Unknown": "00000000",
        "EmitterScaleX": 1.0,
        "EmitterScaleY": 1.0,
        "EmitterScaleZ": 1.0,
        "EmitterTranslationX": 0.0,
        "EmitterTranslationY": 0.0,
        "EmitterTranslationZ": 0.0,
        "EmitterDirectionX": 0.0,
        "EmitterDirectionY": 0.0,
        "EmitterDirectionZ": 32767.0,
        "InitialVelocityOmni": 80.0,
        "InitialVelocityAxis": 0.0,
        "InitialVelocityRandom": 40.0,
        "InitialVelocityDirection": 20.0,
        "Spread": 0.0,
        "InitialVelocityRatio": 0.3999999761581421,
        "Rate": 30.0,
        "RateRandom": 0.0,
        "LifetimeRandom": 0.5999999642372131,
        "VolumeSweep": 0.5,
        "VolumeMinimumRadius": 0.8999999761581421,
        "AirResistance": 0.9538999795913696,
        "MomentRandom": 0.3499999940395355,
        "EmitterRotationXDeg": 65446,
        "EmitterRotationYDeg": 0,
        "EmitterRotationZDeg": 0,
        "MaxFrame": 1,
        "StartFrame": 0,
        "Lifetime": 50,
        "VolumeSize": 40,
        "DivisionNumber": 5,
        "RateStep": 0,
        "BinaryDataDONOTEDIT": "00000101000000003f8000003f8000003f800000000000000000000000000000000000000000000046fffe0042a00000000000004220000041a00000000000003ecccccc41f00000000000003f1999993f0000003f6666663f7432ca3eb33333ffa6000000000001000000320028000500000000"
    },
    "fieldBlocks": [
        {
            "FieldType": 0,
            "VelocityType": 0,
            "NoInheritRotate": false,
            "AirDrag": false,
            "FadeUseEnterTime": false,
            "FadeUseDistanceTime": false,
            "FadeUseFadeIn": false,
            "FadeUseFadeOut": false,
            "PositionX": 0.0,
            "PositionY": 0.0,
            "PositionZ": 0.0,
            "DirectionX": 0.0,
            "DirectionY": -1.0,
            "DirectionZ": 0.0,
            "Param1": 0.44999998807907104,
            "Param2": 0.0,
            "Param3": 0.0,
            "FadeIn": 0.0,
            "FadeOut": 1.0,
            "EnterTime": 0.0,
            "DistanceTime": 1.0,
            "Cycle": 0,
            "BinaryDataDONOTEDIT": "0000000000000000000000000000000000000000bf800000000000003ee666660000000000000000000000003f800000000000003f80000000000000"
        }
    ],
    "baseShape": {
        "ShapeType": 2,
        "DirectionType": 0,
        "RotationType": 0,
        "PlaneType": 0,
        "FlagsUnk11": false,
        "IsGlobalColorAnimation": false,
        "FlagsUnk13": true,
        "IsGlobalTextureAnimation": false,
        "ColorInSelect": 3,
        "AlphaInSelect": 0,
        "IsEnableProjection": false,
        "IsDrawForwardAhead": false,
        "IsDrawPrintAhead": false,
        "FlagsUnk23": true,
        "IsEnableTexScrollAnim": false,
        "DoubleTilingS": false,
        "DoubleTilingT": false,
        "IsNoDrawParent": false,
        "IsNoDrawChild": false,
        "BaseSizeX": 2.5,
        "BaseSizeY": 2.5,
        "BlendMode": 1,
        "SourceFactor": 6,
        "DestinationFactor": 7,
        "BlendModeFlagsUnk10": true,
        "BlendModeFlagsUnk14": false,
        "AlphaCompareType0": 7,
        "AlphaOperator": 0,
        "AlphaCompareType1": 7,
        "AlphaReference0": 0,
        "AlphaReference1": 0,
        "DepthTest": true,
        "DepthCompareType": 2,
        "DepthWrite": false,
        "ZModeFlagsUnk5": 0,
        "IsEnableTexAnim": false,
        "TexFlagsUnk1": true,
        "TexCalcIndexType": 0,
        "TextureIndex": 0,
        "ColorFlagsUnk0": true,
        "IsPrimaryColorAnimEnabled": false,
        "ColorFlagsUnk2": true,
        "IsEnvironmentColorAnimEnabled": false,
        "ColorCalcIndexType": 4,
        "ColorAnimationMaxFrame": 2,
        "PrimaryColor": "ffffffff",
        "EnvironmentColor": "d488c9ff",
        "AnimationRandom": 255,
        "ColorLoopOffsetMask": 0,
        "TextureIndexLoopOffsetMask": 255,
        "BinaryDataDONOTEDIT": "0081a00200000000402000004020000005d9e70000050200004500000002ffffffffd488c9ffff00ff000000",
        "TextureIndexAnimData": [],
        "EnvironmentColorKeyframes": [],
        "PrimaryColorKeyframes": []
    },
    "extraShape": {
        "IsEnableScale": true,
        "IsDiffXY": false,
        "FlagsUnk2": false,
        "FlagsUnk3": false,
        "ScaleAnimTypeX": 0,
        "ScaleAnimTypeY": 0,
        "PivotX": 1,
        "PivotY": 1,
        "IsEnableAlpha": false,
        "IsEnableSinWave": false,
        "IsEnableRotate": true,
        "ScaleInTiming": 0.0,
        "ScaleOutTiming": 0.5958999991416931,
        "ScaleInValueX": 2.299999952316284,
        "ScaleOutValueX": 0.09999999403953552,
        "ScaleInValueY": 2.299999952316284,
        "ScaleOutValueY": 0.09999999403953552,
        "ScaleOutRandom": 0.5,
        "ScaleAnimationXMaxFrame": 30,
        "ScaleAnimationYMaxFrame": 30,
        "AlphaInTiming": 0.25,
        "AlphaOutTiming": 0.75,
        "AlphaInValue": 0.0,
        "AlphaBaseValue": 1.0,
        "AlphaOutValue": 0.0,
        "AlphaWaveFrequency": 0.0,
        "AlphaWaveRandom": 0.0,
        "AlphaWaveAmplitude": 0.0,
        "RotateAngle": 0.0,
        "RotateAngleRandom": 66536.0,
        "RotateSpeed": 222.8223876953125,
        "RotateSpeedRandom": 0.6699999570846558,
        "RotateDirection": 0.0,
        "BinaryDataDONOTEDIT": "01005001000000003f188ce7401333333dcccccc401333333dcccccc3f000000001e001e3e8000003f400000000000003f80000000000000000000000000000000000000000000004781f400435ed2883f2b851e00000000"
    },
    "childShape": {
        "ShapeType": 2,
        "DirectionType": 0,
        "RotationType": 0,
        "PlaneType": 0,
        "IsInheritedScale": true,
        "IsInheritedAlpha": true,
        "IsInheritedRGB": true,
        "FlagsUnk19": true,
        "FlagsUnk20": false,
        "IsEnableField": false,
        "IsEnableScaleOut": true,
        "IsEnableAlphaOut": false,
        "IsEnableRotate": false,
        "PositionRandom": 0.0,
        "BaseVelocity": 0.0,
        "BaseVelocityRandom": 0.0,
        "VelocityInfluenceRate": 0.9315999746322632,
        "Gravity": 0.0,
        "GlobalScale2DX": 1.0,
        "GlobalScale2DY": 1.0,
        "InheritScale": 0.8561999797821045,
        "InheritAlpha": 1.0,
        "InheritRGB": 1.0,
        "PrimaryColor": "ffffffff",
        "EnvironmentColor": "ffffffff",
        "Timing": 0.47609999775886536,
        "Life": 30,
        "Rate": 1,
        "Step": 255,
        "TextureIndex": 1,
        "RotateSpeed": 0,
        "BinaryDataDONOTEDIT": "004f00020000000000000000000000003f6e7d56000000003f8000003f8000003f5b2fec3f8000003f800000ffffffffffffffff3ef3c361001e0001ff010000"
    },
    "textures": [
        "dkm_ice00_ia",
        "dka_IcePiece00"
    ]
}