{
    "dynamicsBlock": {
        "VolumeType": 5,
        "FixedDensity": false,
        "FixedInterval": false,
        "InheritScale": false,
        "FollowEmitter": false,
        "FollowEmitterChild": false,
        "Unknown": "00000000",
        "EmitterScaleX": 1.0,
        "EmitterScaleY": 1.0,
        "EmitterScaleZ": 1.0,
        "EmitterTranslationX": 593.0,
        "EmitterTranslationY": 0.0,
        "EmitterTranslationZ": 0.0,
        "EmitterDirectionX": 0.0,
        "EmitterDirectionY": 32767.0,
        "EmitterDirectionZ": 0.0,
        "InitialVelocityOmni": 12.0,
        "InitialVelocityAxis": 0.0,
        "InitialVelocityRandom": 0.10000000149011612,
        "InitialVelocityDirection": 1.0,
        "Spread": 0.0,
        "InitialVelocityRatio": 0.19999998807907104,
        "Rate": 20.0,
        "RateRandom": 0.0,
        "LifetimeRandom": 0.3499999940395355,
        "VolumeSweep": 0.7999999523162842,
        "VolumeMinimumRadius": 0.9879999756813049,
        "AirResistance": 0.9538999795913696,
        "MomentRandom": 0.19999998807907104,
        "EmitterRotationXDeg": 90,
        "EmitterRotationYDeg": 90,
        "EmitterRotationZDeg": 0,
        "MaxFrame": 1,
        "StartFrame": 0,
        "Lifetime": 57,
        "VolumeSize": 747,
        "DivisionNumber": 8,
        "RateStep": 0,
        "BinaryDataDONOTEDIT": "00000500000000003f8000003f8000003f8000004414400000000000000000000000000046fffe000000000041400000000000003dcccccd3f800000000000003e4ccccc41a00000000000003eb333333f4ccccc3f7ced913f7432ca3e4ccccc005a005a000000010000003902eb000800000000"
    },
    "fieldBlocks": [
        {
            "FieldType": 1,
            "VelocityType": 2,
            "NoInheritRotate": true,
            "AirDrag": false,
            "FadeUseEnterTime": false,
            "FadeUseDistanceTime": false,
            "FadeUseFadeIn": false,
            "FadeUseFadeOut": false,
            "PositionX": 0.0,
            "PositionY": 0.0,
            "PositionZ": 0.0,
            "DirectionX": 0.0,
            "DirectionY": 1.0,
            "DirectionZ": 0.0,
            "Param1": 0.5859375,
            "Param2": 0.0,
            "Param3": 0.25,
            "FadeIn": 0.0,
            "FadeOut": 1.0,
            "EnterTime": 0.0,
            "DistanceTime": 1.0,
            "Cycle": 0,
            "BinaryDataDONOTEDIT": "00020201000000000000000000000000000000003f800000000000003f160000000000003e800000000000003f800000000000003f80000000000000"
        }
    ],
    "baseShape": {
        "ShapeType": 2,
        "DirectionType": 0,
        "RotationType": 0,
        "PlaneType": 0,
        "FlagsUnk11": false,
        "IsGlobalColorAnimation": false,
        "FlagsUnk13": true,
        "IsGlobalTextureAnimation": false,
        "ColorInSelect": 3,
        "AlphaInSelect": 0,
        "IsEnableProjection": false,
        "IsDrawForwardAhead": false,
        "IsDrawPrintAhead": false,
        "FlagsUnk23": true,
        "IsEnableTexScrollAnim": false,
        "DoubleTilingS": false,
        "DoubleTilingT": false,
        "IsNoDrawParent": false,
        "IsNoDrawChild": false,
        "BaseSizeX": 4.5,
        "BaseSizeY": 4.5,
        "BlendMode": 1,
        "SourceFactor": 6,
        "DestinationFactor": 7,
        "BlendModeFlagsUnk10": true,
        "BlendModeFlagsUnk14": false,
        "AlphaCompareType0": 7,
        "AlphaOperator": 0,
        "AlphaCompareType1": 7,
        "AlphaReference0": 0,
        "AlphaReference1": 0,
        "DepthTest": true,
        "DepthCompareType": 2,
        "DepthWrite": false,
        "ZModeFlagsUnk5": 1,
        "IsEnableTexAnim": true,
        "TexFlagsUnk1": true,
        "TexCalcIndexType": 4,
        "TextureIndex": 1,
        "ColorFlagsUnk0": false,
        "IsPrimaryColorAnimEnabled": false,
        "ColorFlagsUnk2": false,
        "IsEnvironmentColorAnimEnabled": false,
        "ColorCalcIndexType": 0,
        "ColorAnimationMaxFrame": 30,
        "PrimaryColor": "dfe1daff",
        "EnvironmentColor": "808485ff",
        "AnimationRandom": 255,
        "ColorLoopOffsetMask": 0,
        "TextureIndexLoopOffsetMask": 255,
        "BinaryDataDONOTEDIT": "0081a00200000000409000004090000005d9e7000025130301000000001edfe1daff808485ffff00ff00000001020000",
        "TextureIndexAnimData": [
            1,
            2,
            0
        ],
        "EnvironmentColorKeyframes": [],
        "PrimaryColorKeyframes": []
    },
    "extraShape": {
        "IsEnableScale": true,
        "IsDiffXY": false,
        "FlagsUnk2": false,
        "FlagsUnk3": false,
        "ScaleAnimTypeX": 0,
        "ScaleAnimTypeY": 0,
        "PivotX": 1,
        "PivotY": 1,
        "IsEnableAlpha": true,
        "IsEnableSinWave": false,
        "IsEnableRotate": false,
        "ScaleInTiming": 0.023899998515844345,
        "ScaleOutTiming": 0.023899998515844345,
        "ScaleInValueX": 0.09999999403953552,
        "ScaleOutValueX": 1.1999999284744263,
        "ScaleInValueY": 0.09999999403953552,
        "ScaleOutValueY": 1.1999999284744263,
        "ScaleOutRandom": 0.3999999761581421,
        "ScaleAnimationXMaxFrame": 30,
        "ScaleAnimationYMaxFrame": 30,
        "AlphaInTiming": 0.0,
        "AlphaOutTiming": 0.19999998807907104,
        "AlphaInValue": 0.0,
        "AlphaBaseValue": 1.0,
        "AlphaOutValue": 0.0,
        "AlphaWaveFrequency": 0.0,
        "AlphaWaveRandom": 0.0,
        "AlphaWaveAmplitude": 0.0,
        "RotateAngle": 0.0,
        "RotateAngleRandom": 0.0,
        "RotateSpeed": 0.0,
        "RotateSpeedRandom": 0.0,
        "RotateDirection": 0.0,
        "BinaryDataDONOTEDIT": "000150013cc3c9ee3cc3c9ee3dcccccc3f9999993dcccccc3f9999993ecccccc001e001e000000003e4ccccc000000003f800000000000000000000000000000000000000000000000000000000000000000000000000000"
    },
    "textures": [
        "mr_smoke02_ia",
        "mr_smoke00_ia",
        "mr_smoke01_ia"
    ]
}