{
    "dynamicsBlock": {
        "VolumeType": 1,
        "FixedDensity": false,
        "FixedInterval": false,
        "InheritScale": false,
        "FollowEmitter": false,
        "FollowEmitterChild": false,
        "Unknown": "00000000",
        "EmitterScaleX": 1.0,
        "EmitterScaleY": 1.0,
        "EmitterScaleZ": 1.0,
        "EmitterTranslationX": 0.0,
        "EmitterTranslationY": 0.0,
        "EmitterTranslationZ": 0.0,
        "EmitterDirectionX": 0.0,
        "EmitterDirectionY": 0.0,
        "EmitterDirectionZ": 32767.0,
        "InitialVelocityOmni": 38.0,
        "InitialVelocityAxis": 0.0,
        "InitialVelocityRandom": 40.0,
        "InitialVelocityDirection": 20.0,
        "Spread": 0.0,
        "InitialVelocityRatio": 0.3999999761581421,
        "Rate": 10.0,
        "RateRandom": 0.0,
        "LifetimeRandom": 0.44999998807907104,
        "VolumeSweep": 0.5,
        "VolumeMinimumRadius": 0.8999999761581421,
        "AirResistance": 0.9538999795913696,
        "MomentRandom": 0.29999998211860657,
        "EmitterRotationXDeg": 65446,
        "EmitterRotationYDeg": 0,
        "EmitterRotationZDeg": 0,
        "MaxFrame": 1,
        "StartFrame": 0,
        "Lifetime": 40,
        "VolumeSize": 300,
        "DivisionNumber": 5,
        "RateStep": 0,
        "BinaryDataDONOTEDIT": "00000100000000003f8000003f8000003f800000000000000000000000000000000000000000000046fffe0042180000000000004220000041a00000000000003ecccccc41200000000000003ee666663f0000003f6666663f7432ca3e999999ffa600000000000100000028012c000500000000"
    },
    "fieldBlocks": [
        {
            "FieldType": 0,
            "VelocityType": 0,
            "NoInheritRotate": false,
            "AirDrag": false,
            "FadeUseEnterTime": false,
            "FadeUseDistanceTime": false,
            "FadeUseFadeIn": false,
            "FadeUseFadeOut": false,
            "PositionX": 0.0,
            "PositionY": 0.0,
            "PositionZ": 0.0,
            "DirectionX": 0.0,
            "DirectionY": -1.0,
            "DirectionZ": 0.0,
            "Param1": 0.30000001192092896,
            "Param2": 0.0,
            "Param3": 0.0,
            "FadeIn": 0.0,
            "FadeOut": 1.0,
            "EnterTime": 0.0,
            "DistanceTime": 1.0,
            "Cycle": 0,
            "BinaryDataDONOTEDIT": "0000000000000000000000000000000000000000bf800000000000003e99999a0000000000000000000000003f800000000000003f80000000000000"
        }
    ],
    "baseShape": {
        "ShapeType": 2,
        "DirectionType": 0,
        "RotationType": 0,
        "PlaneType": 0,
        "FlagsUnk11": false,
        "IsGlobalColorAnimation": false,
        "FlagsUnk13": true,
        "IsGlobalTextureAnimation": false,
        "ColorInSelect": 3,
        "AlphaInSelect": 0,
        "IsEnableProjection": false,
        "IsDrawForwardAhead": false,
        "IsDrawPrintAhead": false,
        "FlagsUnk23": true,
        "IsEnableTexScrollAnim": false,
        "DoubleTilingS": false,
        "DoubleTilingT": false,
        "IsNoDrawParent": false,
        "IsNoDrawChild": false,
        "BaseSizeX": 4.0,
        "BaseSizeY": 4.0,
        "BlendMode": 1,
        "SourceFactor": 6,
        "DestinationFactor": 7,
        "BlendModeFlagsUnk10": true,
        "BlendModeFlagsUnk14": false,
        "AlphaCompareType0": 7,
        "AlphaOperator": 0,
        "AlphaCompareType1": 7,
        "AlphaReference0": 0,
        "AlphaReference1": 0,
        "DepthTest": true,
        "DepthCompareType": 2,
        "DepthWrite": false,
        "ZModeFlagsUnk5": 0,
        "IsEnableTexAnim": false,
        "TexFlagsUnk1": true,
        "TexCalcIndexType": 4,
        "TextureIndex": 0,
        "ColorFlagsUnk0": true,
        "IsPrimaryColorAnimEnabled": false,
        "ColorFlagsUnk2": true,
        "IsEnvironmentColorAnimEnabled": false,
        "ColorCalcIndexType": 4,
        "ColorAnimationMaxFrame": 2,
        "PrimaryColor": "ffffffff",
        "EnvironmentColor": "d488c8ff",
        "AnimationRandom": 255,
        "ColorLoopOffsetMask": 0,
        "TextureIndexLoopOffsetMask": 255,
        "BinaryDataDONOTEDIT": "0081a00200000000408000004080000005d9e70000051200004500000002ffffffffd488c8ffff00ff000000",
        "TextureIndexAnimData": [],
        "EnvironmentColorKeyframes": [],
        "PrimaryColorKeyframes": []
    },
    "extraShape": {
        "IsEnableScale": true,
        "IsDiffXY": false,
        "FlagsUnk2": false,
        "FlagsUnk3": false,
        "ScaleAnimTypeX": 0,
        "ScaleAnimTypeY": 0,
        "PivotX": 1,
        "PivotY": 1,
        "IsEnableAlpha": true,
        "IsEnableSinWave": false,
        "IsEnableRotate": false,
        "ScaleInTiming": 0.2705000042915344,
        "ScaleOutTiming": 0.2705000042915344,
        "ScaleInValueX": 2.0,
        "ScaleOutValueX": 3.0,
        "ScaleInValueY": 2.0,
        "ScaleOutValueY": 3.0,
        "ScaleOutRandom": 0.44999998807907104,
        "ScaleAnimationXMaxFrame": 30,
        "ScaleAnimationYMaxFrame": 30,
        "AlphaInTiming": 0.0,
        "AlphaOutTiming": 0.05130000039935112,
        "AlphaInValue": 0.0,
        "AlphaBaseValue": 1.0,
        "AlphaOutValue": 0.0,
        "AlphaWaveFrequency": 0.0,
        "AlphaWaveRandom": 0.0,
        "AlphaWaveAmplitude": 0.0,
        "RotateAngle": 0.0,
        "RotateAngleRandom": 66536.0,
        "RotateSpeed": 222.8223876953125,
        "RotateSpeedRandom": 0.6699999570846558,
        "RotateDirection": 0.0,
        "BinaryDataDONOTEDIT": "000150013e8a7efa3e8a7efa400000004040000040000000404000003ee66666001e001e000000003d521ff3000000003f80000000000000000000000000000000000000000000004781f400435ed2883f2b851e00000000"
    },
    "textures": [
        "mr_sand00_ia"
    ]
}